<?xml version="1.0" encoding="UTF-8"?>
<!DOCTYPE mapper
        PUBLIC "-//mybatis.org//DTD Mapper 3.0//EN"
        "http://mybatis.org/dtd/mybatis-3-mapper.dtd">
<mapper namespace="com.example.elm.mapper.UserMapper">

    <resultMap id="BaseResultMap" type="com.example.elm.domain.User">
            <id property="userId" column="userId" jdbcType="VARCHAR"/>
            <result property="password" column="password" jdbcType="VARCHAR"/>
            <result property="userName" column="userName" jdbcType="VARCHAR"/>
            <result property="userSex" column="userSex" jdbcType="INTEGER"/>
            <result property="userImg" column="userImg" jdbcType="VARCHAR"/>
            <result property="delTag" column="delTag" jdbcType="INTEGER"/>
    </resultMap>

    <sql id="Base_Column_List">
        userId,password,userName,
        userSex,userImg,delTag
    </sql>
</mapper>
